No.	theme	key words and phrases_1	meaning of the words and phrases_1	phonetic symbol_1	part of speech_1	example sentence_1	japanese of example sentence_1	key words and phrases_2	meaning of the words and phrases_2	phonetic symbol_2	part of speech_2	example sentence_2	japanese of example sentence_2	key words and phrases_3	meaning of the words and phrases_3	phonetic symbol_3	part of speech_3	example sentence_3	japanese of example sentence_3	key words and phrases_4	meaning of the words and phrases_4	phonetic symbol_4	part of speech_4	example sentence_4	japanese of example sentence_4	key words and phrases_5	meaning of the words and phrases_5	phonetic symbol_5	part of speech_5	example sentence_5	japanese of example sentence_5	key words and phrases_6	meaning of the words and phrases_6	phonetic symbol_6	part of speech_6	example sentence_6	japanese of example sentence_6	article	with slash	japanese
Daily	Morning Routine	productive	実り多い、生産的な	/prəˈdʌktɪv/	形容詞	The meeting was very productive.	会議はとても実り多いものでした。	solid	確かな、固い	/ˈsɒlɪd/	形容詞	He has a solid reputation.	彼は確固たる評判を得ている。	meditating	瞑想すること	/ˈmedɪteɪtɪŋ/	動名詞	She spends 10 minutes meditating every morning.	彼女は毎朝10分間瞑想して過ごす。	habits	習慣	/ˈhæbɪts/	名詞	Good habits are the key to success.	良い習慣は成功への鍵です。	consistent	一貫した、安定した	/kənˈsɪstənt/	形容詞	Her performance is consistent.	彼女のパフォーマンスは安定している。	decision fatigue	決断疲れ	/dɪˈsɪʒən fəˈtiːɡ/	名詞	Choosing what to wear can cause decision fatigue.	何を着るか選ぶことが決断疲れを引き起こすことがある。	Many people believe that a productive day starts with a solid morning routine. Whether it's drinking a glass of water, meditating, or exercising, these small habits help clear the mind. Establishing a consistent schedule reduces "decision fatigue" early in the day.	Many people believe / that a productive day / starts / with a solid morning routine. Whether it's drinking a glass of water, / meditating, / or exercising, / these small habits / help / clear the mind. Establishing a consistent schedule / reduces / "decision fatigue" / early in the day.	Many people believe / that a productive day / starts / with a solid morning routine. 多くの人は、生産的な一日はしっかりとした朝のルーティンから始まると信じています。  Whether it's drinking a glass of water, / meditating, / or exercising, / these small habits / help / clear the mind. コップ1杯の水を飲むこと、瞑想、あるいは運動をすることであれ、これらの小さな習慣が心をすっきりさせる助けとなります。  Establishing a consistent schedule / reduces / "decision fatigue" / early in the day. 一貫したスケジュールを立てることは、一日の早い段階における「決断疲れ」を軽減します。
Daily	Sustainable Living	sustainable	持続可能な	/səˈsteɪnəbl/	形容詞	We need sustainable energy.	私たちは持続可能なエネルギーを必要としています。	individuals	個人、人	/ˌɪndɪˈvɪdʒuəlz/	名詞	Many individuals joined the march.	多くの人がそのデモに参加した。	adopt	採用する、取り入れる	/əˈdɒpt/	動詞	The school adopted a new system.	学校は新しいシステムを採用した。	lifestyles	生活様式	/ˈlαɪfstaɪlz/	名詞	People are seeking healthier lifestyles.	人々はより健康的な生活様式を求めている。	composting	堆肥化すること	/ˈkɒmpəʊstɪŋ/	動名詞	Composting is a great way to recycle food.	コンポスティングは食べ物をリサイクルする素晴らしい方法です。	energy-efficient	省エネの	/ˈenədʒi ɪˈfɪʃnt/	形容詞	Use energy-efficient light bulbs.	省エネ電球を使いなさい。	Climate change has encouraged many individuals to adopt more sustainable lifestyles. This includes reducing plastic waste, composting food scraps, and choosing energy-efficient appliances.	Climate change / has encouraged / many individuals / to adopt / more sustainable lifestyles. This includes / reducing plastic waste, / composting food scraps, / and choosing / energy-efficient appliances.	Climate change / has encouraged / many individuals / to adopt / more sustainable lifestyles. 気候変動の影響で、多くの人々がより持続可能なライフスタイルを取り入れるようになっています。  This includes / reducing plastic waste, / composting food scraps, / and choosing / energy-efficient appliances. これには、プラスチックごみの削減や生ごみの堆肥化、そして省エネ家電の選択などが含まれます。
Daily	Travel Planning	involves	伴う、必要とする	/ɪnˈvɒlvz/	動詞	This job involves a lot of travel.	この仕事は多くの出張を伴います。	destination	目的地	/ˌdestɪˈneɪʃn/	名詞	We reached our destination at sunset.	日没に目的地に到着した。	researching	調査すること	/rɪˈsɜːtʃɪŋ/	動名詞	I'm researching for my paper.	私は論文のために調査をしています。	logistics	計画の細部、段取り	/ləˈdʒɪstɪks/	名詞	The logistics of the wedding are complex.	結婚式の段取りは複雑だ。	hidden gems	穴場、隠れた名所	/ˈhɪdn dʒemz/	句（フレーズ）	This café is one of the city's hidden gems.	このカフェはこの街の穴場の一つです。	perspectives	視点、考え方	/pəˈspektɪvz/	名詞	Travel gives us new perspectives.	旅は私たちに新しい視点を与えてくれる。	Planning a trip involves more than just picking a destination; it requires researching local customs and logistics. Travelers often use apps to find hidden gems and avoid crowded tourist spots. Exploring new places broadens our perspectives and creates lasting memories.	Planning a trip / involves / more than just picking a destination; / it requires / researching / local customs and logistics. / Travelers / often use apps / to find hidden gems / and avoid / crowded tourist spots. / Exploring new places / broadens our perspectives / and creates / lasting memories.	Planning a trip / involves / more than just picking a destination; / it requires / researching / local customs and logistics. 旅行を計画することは、単に目的地を選ぶ以上のことを含みます。それは現地の習慣や物流を調査することを必要とします。  Travelers / often use apps / to find hidden gems / and avoid / crowded tourist spots. 旅行者は、穴場を見つけたり混雑した観光スポットを避けたりするために、しばしばアプリを利用します。  Exploring new places / broadens our perspectives / and creates / lasting memories. 新しい場所を探索することは、私たちの視野を広げ、いつまでも残る思い出を作ります。
Daily	Home Cooking	popularity	人気	/ˌpɒpjuˈlærəti/	名詞	His popularity is growing.	彼の人気は高まっている。	health-conscious	健康志向の	/helθ ˈkɒnʃəs/	形容詞	Many health-conscious people live here.	ここには健康志向の人が多く住んでいる。	ingredients	材料、具材	/ɪnˈɡriːdiənts/	名詞	Fresh ingredients are essential for cooking.	新鮮な材料は料理に不可欠だ。	sugar levels	糖分レベル	/ˈʃʊɡə ˈlevlz/	句（フレーズ）	Watch your blood sugar levels.	血糖値（糖分レベル）に気をつけなさい。	strengthen	強める	/ˈstreŋθn/	動詞	Exercise helps strengthen your muscles.	運動は筋肉を強くするのに役立つ。	bonds	絆、結びつき	/bɒndz/	名詞	Family bonds are very important.	家族の絆は非常に重要だ。	Cooking at home is gaining popularity as people become more health-conscious. It allows for complete control over ingredients, especially salt and sugar levels. Sharing a home-cooked meal is also a great way to strengthen bonds with family and friends.	Cooking at home / is gaining popularity / as people become / more health-conscious. / It allows for / complete control / over ingredients, / especially salt and sugar levels. / Sharing a home-cooked meal / is also a great way / to strengthen bonds / with family and friends.	Cooking at home / is gaining popularity / as people become / more health-conscious. 人々がより健康志向になるにつれて、家庭での料理が人気を集めています。  It allows for / complete control / over ingredients, / especially salt and sugar levels. それは、材料、特に塩分や糖分のレベルを完全にコントロールすることを可能にします。  Sharing a home-cooked meal / is also a great way / to strengthen bonds / with family and friends. 手料理を分かち合うことは、家族や友人との絆を深めるための素晴らしい方法でもあります。
Daily	Digital Detox	notifications	通知	/ˌnəʊtɪfɪˈkeɪʃnz/	名詞	I turned off all notifications.	すべての通知をオフにした。	intentionally	意図的に	/ɪnˈtenʃənəli/	副詞	He intentionally missed the bus.	彼は意図的にバスを逃した。	electronic devices	電子機器	/ɪˌlekˈtrɒnɪk dɪˈvaɪsɪz/	句（フレーズ）	Switch off your electronic devices.	電子機器の電源を切りなさい。	reconnect	再びつながる	/ˌriːkəˈnekt/	動詞	The hike helped me reconnect with nature.	ハイキングは自然と再びつながるのを助けてくれた。	physical world	物理的な（現実の）世界	/ˈfɪzɪkl wɜːld/	句（フレーズ）	Virtual reality feels like the physical world.	仮想現実は現実の世界のように感じられる。	well-being	幸福、健康、安寧	/ˈwel biːɪŋ/	名詞	Physical health is part of well-being.	身体的な健康は幸福の一部です。	Constant notifications from smartphones can lead to high stress levels and decreased focus. A "digital detox" means intentionally staying away from electronic devices for a set period. This practice helps people reconnect with the physical world and improve mental well-being.	Constant notifications / from smartphones / can lead to / high stress levels / and decreased focus. / A "digital detox" / means / intentionally staying away / from electronic devices / for a set period. / This practice / helps people reconnect / with the physical world / and improve / mental well-being.	Constant notifications / from smartphones / can lead to / high stress levels / and decreased focus. スマートフォンからの絶え間ない通知は、高いストレスレベルや集中力の低下につながる可能性があります。  A "digital detox" / means / intentionally staying away / from electronic devices / for a set period. 「デジタルデトックス」とは、一定期間、意図的に電子機器から離れることを意味します。  This practice / helps people reconnect / with the physical world / and improve / mental well-being. この習慣は、人々が物理的な世界と再びつながり、心の健康を向上させる助けとなります。
Daily	Urban Gardening	backyard	裏庭	/ˌbækˈjɑːd/	名詞	We have a small garden in the backyard.	私たちは裏庭に小さな庭があります。	balconies	バルコニー、ベランダ	/ˈbælkəniz/	名詞	She grows flowers on her balconies.	彼女はバルコニーで花を育てている。	rewarding	やりがいのある	/rɪˈwɔːdɪŋ/	形容詞	Helping others is a rewarding experience.	他人を助けることはやりがいのある経験だ。	fresh produce	新鮮な農産物	/freʃ ˈprɒdjuːs/	句（フレーズ）	Farmers markets sell fresh produce.	ファーマーズマーケットでは新鮮な農産物を売っている。	touch of nature	自然の気配、趣	/tʌtʃ əv ˈneɪtʃə/	句（フレーズ）	A few plants add a touch of nature to the room.	数つの植物が部屋に自然の気配を添える。	calming atmosphere	落ち着いた雰囲気	/ˈkɑːmɪŋ ˈætməsfɪə/	句（フレーズ）	The spa has a calming atmosphere.	スパには落ち着いた雰囲気がある。	You don't need a backyard to grow plants; many people are starting gardens on their balconies. Growing your own herbs and vegetables is rewarding and ensures fresh produce. It also adds a touch of nature to busy city lives, providing a calming atmosphere.	You don't need a backyard / to grow plants; / many people / are starting gardens / on their balconies. / Growing your own herbs and vegetables / is rewarding / and ensures / fresh produce. / It also adds / a touch of nature / to busy city lives, / providing / a calming atmosphere.	You don't need a backyard / to grow plants; / many people / are starting gardens / on their balconies. 植物を育てるのに裏庭は必要ありません。多くの人がベランダでガーデニングを始めています。  Growing your own herbs and vegetables / is rewarding / and ensures / fresh produce. 自分でハーブや野菜を育てることはやりがいがあり、新鮮な農産物を手に入れることができます。  It also adds / a touch of nature / to busy city lives, / providing / a calming atmosphere. それはまた、忙しい都市生活に自然の趣を添え、落ち着いた雰囲気を与えてくれます。
Daily	Pet Ownership	requires	必要とする	/rɪˈkwaɪəz/	動詞	Gardening requires a lot of water.	ガーデニングは多くの水を必要とする。	responsibility	責任	/rɪˌspɒnsəˈbɪləti/	名詞	It is your responsibility to be on time.	時間通りに来るのはあなたの責任だ。	commitment	献身、約束	/kəˈmɪtmənt/	名詞	Relationship requires a strong commitment.	人間関係には強い献身が必要だ。	emotional attention	情緒的な配慮、関心	/ɪˈməʊʃənl əˈtenʃn/	句（フレーズ）	Children need emotional attention.	子供たちは情緒的な関心を必要とする。	unconditional love	無条件の愛	/ˌʌnkənˈdɪʃənl lʌv/	句（フレーズ）	Parents have unconditional love for kids.	親は子供に対して無条件の愛を持っている。	blood pressure	血圧	/blʌd ˈpreʃə/	名詞	Salt can increase your blood pressure.	塩分は血圧を上げることがある。	Owning a pet brings joy but also requires a high level of responsibility and commitment. Pets need regular exercise, a balanced diet, and emotional attention to stay healthy. In return, they offer unconditional love and can even reduce their owners' blood pressure.	Owning a pet / brings joy / but also requires / a high level of responsibility / and commitment. / Pets need / regular exercise, / a balanced diet, / and emotional attention / to stay healthy. / In return, / they offer / unconditional love / and can even reduce / their owners' blood pressure.	Owning a pet / brings joy / but also requires / a high level of responsibility / and commitment. ペットを飼うことは喜びをもたらしますが、高いレベルの責任と献身も必要とします。  Pets need / regular exercise, / a balanced diet, / and emotional attention / to stay healthy. ペットが健康を維持するためには、定期的な運動、バランスの取れた食事、そして感情的な配慮が必要です。  In return, / they offer / unconditional love / and can even reduce / their owners' blood pressure. お返しに、彼らは無条件の愛を注いでくれ、飼い主の血圧を下げることさえあります。
Daily	Physical Exercise	essential	不可欠な	/ɪˈsenʃl/	形容詞	Sleep is essential for health.	睡眠は健康に不可欠だ。	mental clarity	精神の明快さ	/ˈmentl ˈklærəti/	句（フレーズ）	Meditation improves mental clarity.	瞑想は精神の明快さを向上させる。	intense	激しい	/ɪnˈtens/	形容詞	The heat was intense today.	今日は暑さが激しかった。	brisk walk	早歩き	/brɪsk wɔːk/	句（フレーズ）	I go for a brisk walk every evening.	私は毎晩早歩きに出かけます。	chronic illnesses	慢性疾患	/ˈkrɒnɪk ˈɪlnəsɪz/	句（フレーズ）	Regular exercise prevents chronic illnesses.	定期的な運動は慢性疾患を予防する。	consistency	継続性、一貫性	/kənˈsɪstənsi/	名詞	Consistency is the key to training.	継続はトレーニングの鍵だ。	Regular physical activity is essential for maintaining both physical health and mental clarity. It doesn't have to be intense; a thirty-minute brisk walk every day can prevent many chronic illnesses. Consistency is more important than the intensity of the workout.	Regular physical activity / is essential / for maintaining / both physical health / and mental clarity. / It doesn't have to be intense; / a thirty-minute brisk walk / every day / can prevent / many chronic illnesses. / Consistency / is more important / than the intensity / of the workout.	Regular physical activity / is essential / for maintaining / both physical health / and mental clarity. 定期的な身体活動は、身体の健康と精神の明晰さの両方を維持するために不可欠です。  It doesn't have to be intense; / a thirty-minute brisk walk / every day / can prevent / many chronic illnesses. それは激しいものである必要はありません。毎日の30分間の早歩きが、多くの慢性疾患を予防することができます。  Consistency / is more important / than the intensity / of the workout. 一貫性（継続すること）は、トレーニングの強度よりも重要です。
Daily	Minimalism	focused on	～に重点を置く	/ˈfəʊkəst ɒn/	動詞/句	She is focused on her studies.	彼女は勉強に重点を置いている。	possessions	所有物	/pəˈzeʃnz/	名詞	He travels with few possessions.	彼はわずかな所有物を持って旅をする。	prioritize	優先順位をつける	/prαɪˈɒrɪtaɪz/	動詞	We need to prioritize our tasks.	私たちはタスクを優先させる必要がある。	decluttering	片付けること、整理	/ˌdiːˈklʌtərɪŋ/	動名詞	Decluttering my room made me feel better.	部屋を片付けたら気分が良くなった。	mental energy	精神力、知的エネルギー	/ˈmentl ˈenədʒi/	句（フレーズ）	Stress drains your mental energy.	ストレスは精神力を消耗させる。	consumerist	消費者中心主義の	/kənˈsjuːmərɪst/	形容詞	We live in a consumerist society.	私たちは消費社会に住んでいる。	Minimalism is a lifestyle focused on owning fewer possessions to prioritize experiences and relationships. By decluttering their homes, people often find they have more time and mental energy. It challenges the consumerist idea that more stuff leads to more happiness.	Minimalism / is a lifestyle / focused on / owning fewer possessions / to prioritize / experiences and relationships. / By decluttering their homes, / people often find / they have more time / and mental energy. / It challenges / the consumerist idea / that more stuff / leads to / more happiness.	Minimalism / is a lifestyle / focused on / owning fewer possessions / to prioritize / experiences and relationships. ミニマリズムとは、経験や人間関係を優先するために、所有物を減らすことに焦点を当てたライフスタイルです。  By decluttering their homes, / people often find / they have more time / and mental energy. 家を片付けることで、より多くの時間と精神的なエネルギーがあることに気づくことがよくあります。  It challenges / the consumerist idea / that more stuff / leads to / more happiness. それは、物が増えるほど幸せになれるという消費至上主義的な考え方に疑問を投げかけます。
Daily	Neighborhood Spirit	significantly	かなり、著しく	/sɪɡˈnɪfɪkəntli/	副詞	Prices have risen significantly.	価格が著しく上昇した。	enhance	高める、向上させる	/ɪnˈhɑːns/	動詞	Technology can enhance communication.	技術はコミュニケーションを高めることができる。	quality of life	生活の質	/ˈkwɒləti əv lαɪf/	句（フレーズ）	Health improves the quality of life.	健康は生活の質を向上させる。	sense of security	安心感	/sens əv sɪˈkjʊərəti/	句（フレーズ）	A locked door gives a sense of security.	鍵をかけたドアは安心感を与える。	belonging	帰属、親睦	/bɪˈlɒŋɪŋ/	名詞	Humans have a need for belonging.	人間には帰属の欲求がある。	foster	育む	/ˈfɒstə/	動詞	The school fosters a love for learning.	学校は学習への愛を育む。	Living in a friendly neighborhood can significantly enhance one's quality of life. Knowing your neighbors creates a sense of security and belonging within the community. Simple gestures, like saying hello or helping with groceries, foster a positive environment.	Living in a friendly neighborhood / can significantly enhance / one's quality of life. / Knowing your neighbors / creates a sense of security / and belonging / within the community. / Simple gestures, / like saying hello / or helping with groceries, / foster a positive environment.	Living in a friendly neighborhood / can significantly enhance / one's quality of life. 友好的な近隣地域に住むことは、生活の質を大幅に向上させることができます。  Knowing your neighbors / creates a sense of security / and belonging / within the community. 隣人を知っていることは、コミュニティ内での安心感と帰属意識を生み出します。  Simple gestures, / like saying hello / or helping with groceries, / foster a positive environment. 挨拶をしたり食料品の運搬を手伝ったりといった簡単なジェスチャーが、ポジティブな環境を育みます。
Business	Remote Work	transformed	変容させた	/trænsˈfɔːmd/	動詞	The internet has transformed how we communicate.	インターネットは私たちのコミュニケーション方法を一変させた。	flexibility	柔軟性	/ˌflek.səˈbɪl.ə.ti/	名詞	Remote work offers more flexibility.	リモートワークはより高い柔軟性を提供する。	eliminates	取り除く、省く	/ɪˈlɪm.ɪ.neɪts/	動詞	This new system eliminates the need for paper.	この新しいシステムは紙の必要性をなくす。	commuting	通勤	/kəˈmjuː.tɪŋ/	名詞	I spend two hours commuting every day.	私は毎日2時間を通勤に費やしている。	blurring	境界が曖昧になること	/ˈblɜː.rɪŋ/	名詞	There is a blurring of lines between work and home.	仕事と家庭の境界が曖昧になっている。	vital	極めて重要な	/ˈvaɪ.təl/	形容詞	Communication is vital for team success.	コミュニケーションはチームの成功に不可欠だ。	The shift toward remote work has transformed how companies operate and how employees manage their time. While it offers flexibility and eliminates commuting, it can also lead to a blurring of work-life boundaries. Effective communication tools are now more vital than ever for team success.	The shift toward remote work / has transformed / how companies operate / and how employees manage their time. / While it offers flexibility / and eliminates commuting, / it can also lead to / a blurring of work-life boundaries. / Effective communication tools / are now more vital than ever / for team success.	The shift toward remote work / has transformed / how companies operate / and how employees manage their time. リモートワークへの移行は、企業の運営方法や従業員の時間の管理方法を変えました。  While it offers flexibility / and eliminates commuting, / it can also lead to / a blurring of work-life boundaries. 柔軟性を提供し通勤をなくす一方で、仕事と生活の境界線が曖昧になることにもつながり得ます。  Effective communication tools / are now more vital than ever / for team success. 効果的なコミュニケーションツールは、チームの成功のために今やかつてないほど不可欠です。
Business	Meeting Efficiency	professionals	専門職、社会人	/prəˈfeʃ.ən.əlz/	名詞	The seminar is for young professionals.	そのセミナーは若手社会人のためのものだ。	lack	～を欠いている	/læk/	動詞	The plan lacks specific details.	その計画は具体的な詳細を欠いている。	efficiency	効率	/ɪˈfɪʃ.ən.si/	名詞	We need to improve our work efficiency.	私たちは仕事の効率を上げる必要がある。	agenda	協議事項、議題	/əˈdʒen.də/	名詞	Let's move to the next item on the agenda.	議題の次の項目に進みましょう。	in advance	前もって	/ɪn ədˈvɑːns/	句	Please let me know your schedule in advance.	あなたの予定を事前に教えてください。	action items	実施事項	/ˈæk.ʃən ˌaɪ.təmz/	句	The manager assigned action items to each member.	マネージャーは各メンバーに実施事項を割り当てた。	Many professionals complain that meetings are often too long and lack a clear purpose. To improve efficiency, leaders should provide an agenda in advance and set a strict time limit. Ending a meeting with clear "action items" ensures that everyone knows their next steps.	Many professionals complain / that meetings / are often too long / and lack a clear purpose. / To improve efficiency, / leaders should provide / an agenda in advance / and set a strict time limit. / Ending a meeting / with clear "action items" / ensures / that everyone knows their next steps.	Many professionals complain / that meetings / are often too long / and lack a clear purpose. 多くの専門家は、会議がしばしば長すぎ、明確な目的を欠いていると不満を漏らしています。  To improve efficiency, / leaders should provide / an agenda in advance / and set a strict time limit. 効率を向上させるために、リーダーは事前に議題を提示し、厳格な時間制限を設けるべきです。  Ending a meeting / with clear "action items" / ensures / that everyone knows their next steps. 明確な「アクションアイテム（行動項目）」で会議を終えることで、全員が次のステップを確実に把握できます。
Business	Business Travel	face-to-face	対面での	/ˌfeɪs.təˈfeɪs/	形容詞	Face-to-face meetings are still important.	対面での会議はいまだに重要だ。	negotiations	交渉	/nəˌɡəʊ.ʃiˈeɪ.ʃənz/	名詞	The negotiations lasted for three hours.	交渉は3時間続いた。	frequent	頻繁な	/ˈfriː.kwənt/	形容詞	He is a frequent traveler to Asia.	彼は頻繁にアジアへ旅行する。	jet lag	時差ぼけ	/ˈdʒet læɡ/	名詞	It takes me a few days to get over jet lag.	時差ぼけを治すのに数日かかる。	exhaustion	疲労困憊	/ɪɡˈzɔːs.tʃən/	名詞	She suffered from physical exhaustion.	彼女は身体的な疲労困憊に苦しんだ。	high-stakes	重大な利害のかかった	/ˌhaɪˈsteɪks/	形容詞	This is a high-stakes business deal.	これは一か八かの重大なビジネス取引だ。	Business trips are essential for building trust during face-to-face negotiations with international partners. However, frequent travel can lead to jet lag and physical exhaustion. Successful business travelers learn to balance their schedules to remain effective during high-stakes meetings.	Business trips / are essential / for building trust / during face-to-face negotiations / with international partners. / However, / frequent travel / can lead to / jet lag / and physical exhaustion. / Successful business travelers / learn to balance / their schedules / to remain effective / during high-stakes meetings.	Business trips / are essential / for building trust / during face-to-face negotiations / with international partners. 出張は、国際的なパートナーとの対面交渉において信頼を築くために不可欠です。  However, / frequent travel / can lead to / jet lag / and physical exhaustion. しかし、頻繁な移動は時差ぼけや肉体的な疲労につながる可能性があります。  Successful business travelers / learn to balance / their schedules / to remain effective / during high-stakes meetings. 成功するビジネス旅行者は、重要な会議中に効果を発揮し続けるために、スケジュールのバランスを取ることを学びます。
Business	Networking	genuine	真の、心からの	/ˈdʒen.ju.ɪn/	形容詞	She showed a genuine interest in our project.	彼女は私たちのプロジェクトに心からの関心を示した。	long-term	長期的な	/ˌlɒŋˈtɜːm/	形容詞	We are looking for a long-term solution.	私たちは長期的な解決策を探している。	attending	出席すること	/əˈtendɪŋ/	動名詞	Attending the conference was very useful.	会議に出席することは非常に有益だった。	trends	傾向、動向	/trendz/	名詞	Keeping up with fashion trends is difficult.	ファッションの流行についていくのは難しい。	potential	潜在的な	/pəˈten.ʃəl/	形容詞	We need to identify potential risks.	私たちは潜在的なリスクを特定する必要がある。	challenging	困難だがやりがいのある	/ˈtʃæl.ɪn.dʒɪŋ/	形容詞	Climbing this mountain is a challenging task.	この山に登ることは困難な課題だ。	Networking is not just about exchanging business cards; it’s about building genuine, long-term relationships. Attending industry events allows professionals to learn about new trends and potential career opportunities. A strong network can provide support and advice during challenging times.	Networking / is not just about / exchanging business cards; / it’s about building / genuine, long-term relationships. / Attending industry events / allows professionals / to learn about new trends / and potential career opportunities. / A strong network / can provide / support and advice / during challenging times.	Networking / is not just about / exchanging business cards; / it’s about building / genuine, long-term relationships. ネットワーキングは単なる名刺交換ではありません。それは本物の、長期的な関係を築くことです。  Attending industry events / allows professionals / to learn about new trends / and potential career opportunities. 業界のイベントに参加することで、専門家は新しいトレンドや潜在的なキャリアの機会について学ぶことができます。  A strong network / can provide / support and advice / during challenging times. 強力なネットワークは、困難な時期にサポートやアドバイスを提供してくれます。
Business	Time Management	mastering	習得すること	/ˈmɑː.stər.ɪŋ/	動名詞	Mastering a new language takes time.	新しい言語を習得するには時間がかかる。	fast-paced	展開の速い	/ˌfɑːstˈpeɪst/	形容詞	I enjoy working in a fast-paced environment.	私は展開の速い環境で働くのが好きだ。	techniques	手法、技術	/tekˈniːks/	名詞	This book teaches various cooking techniques.	この本は様々な料理の手法を教えてくれる。	time-blocking	タイムブロッキング	/ˈtaɪm ˌblɒk.ɪŋ/	名詞	Time-blocking helps me stay focused.	タイムブロッキングは集中を維持するのに役立つ。	high-priority	優先度の高い	/ˌhaɪ praɪˈɒr.ə.ti/	形容詞	Please complete the high-priority tasks first.	まず優先度の高いタスクを完了させてください。	necessarily	必ずしも（〜でない）	/ˌnes.əˈser.əl.i/	副詞	Expensive gifts are not necessarily better.	高価な贈り物が必ずしも良いとは限らない。	Mastering time management is a key skill for any successful professional in a fast-paced environment. Using techniques like the "Pomodoro method" or "Time-blocking" can help maintain focus on high-priority tasks. It's about working smarter, not necessarily harder, to achieve your goals.	Mastering time management / is a key skill / for any successful professional / in a fast-paced environment. / Using techniques / like the "Pomodoro method" / or "Time-blocking" / can help maintain focus / on high-priority tasks. / It's about working smarter, / not necessarily harder, / to achieve your goals.	Mastering time management / is a key skill / for any successful professional / in a fast-paced environment. タイムマネジメントをマスターすることは、変化の速い環境で成功する専門家にとって重要なスキルです。  Using techniques / like the "Pomodoro method" / or "Time-blocking" / can help maintain focus / on high-priority tasks. 「ポモドーロ・テクニック」や「タイムブロッキング」のような手法を使うことで、優先度の高いタスクへの集中を維持しやすくなります。  It's about working smarter, / not necessarily harder, / to achieve your goals. 目標を達成するためには、必ずしもより懸命に働くのではなく、より賢く働くことが重要なのです。
Business	Conflict Resolution	inevitable	避けられない	/ɪˈnev.ɪ.tə.bl̩/	形容詞	Small mistakes are inevitable during the process.	その過程で小さなミスは避けられない。	diverse	多様な	/daɪˈvɜːs/	形容詞	Our team has people from diverse backgrounds.	私たちのチームには多様な経歴を持つ人々がいる。	address	取り組む、対処する	/əˈdres/	動詞	We need to address the climate issue now.	私たちは今、気候問題に取り組む必要がある。	dialogue	対話	/ˈdaɪ.ə.lɒɡ/	名詞	Constructive dialogue is key to peace.	建設的な対話が平和への鍵だ。	perspectives	視点、見方	/pəˈspektɪvz/	名詞	Travel gives us new perspectives.	旅は私たちに新しい視点を与えてくれる。	cohesion	結束	/kəʊˈhiː.ʒən/	名詞	Team cohesion is essential for winning.	勝つためにはチームの結束が不可欠だ。	Disagreements in the workplace are inevitable when diverse people work together on complex projects. The key is to address issues early through professional and calm dialogue rather than avoiding them. Understanding different perspectives leads to better solutions and stronger team cohesion.	Disagreements / in the workplace / are inevitable / when diverse people / work together / on complex projects. / The key is / to address issues early / through professional and calm dialogue / rather than avoiding them. / Understanding different perspectives / leads to / better solutions / and stronger team cohesion.	Disagreements / in the workplace / are inevitable / when diverse people / work together / on complex projects. 多様な人々が複雑なプロジェクトで協力する場合、職場での意見の相違は避けられません。  The key is / to address issues early / through professional and calm dialogue / rather than avoiding them. 重要なのは、問題を避けるのではなく、プロフェッショナルで冷静な対話を通じて早期に対処することです。  Understanding different perspectives / leads to / better solutions / and stronger team cohesion. 異なる視点を理解することは、より良い解決策と、より強いチームの結束につながります。
Business	Innovation Culture	thrive	繁栄する	/θraɪv/	動詞	Some businesses thrive during the winter.	冬の間に繁栄するビジネスもある。	culture	文化	/ˈkʌl.tʃər/	名詞	We want to build a culture of trust.	私たちは信頼の文化を築きたい。	risks	リスク、危険	/rɪsks/	名詞	You must take risks to achieve success.	成功するためにはリスクを取らなければならない。	viewed as	〜と見なされる	/vjuːd æz/	句	Mistakes should be viewed as learning steps.	ミスは学習のステップと見なされるべきだ。	punishment	罰	/ˈpʌn.ɪʃ.mənt/	名詞	The law provides severe punishment for theft.	法律は窃盗に対して厳しい罰を定めている。	unexpected	予期せぬ	/ˌʌn.ɪkˈspek.tɪd/	形容詞	We received some unexpected news today.	今日、予期せぬ知らせを受け取った。	Companies that thrive are usually those that encourage an "innovation culture" where employees feel safe to take risks. Failure should be viewed as a learning opportunity rather than a reason for punishment. Creative ideas often come from the most unexpected parts of the organization.	Companies / that thrive / are usually those / that encourage / an "innovation culture" / where employees feel safe / to take risks. / Failure should be viewed / as a learning opportunity / rather than a reason / for punishment. / Creative ideas / often come / from the most unexpected parts / of the organization.	Companies / that thrive / are usually those / that encourage / an "innovation culture" / where employees feel safe / to take risks. 繁栄する企業は通常、従業員がリスクを冒しても安全だと感じられる「イノベーション文化」を奨励している企業です。  Failure should be viewed / as a learning opportunity / rather than a reason / for punishment. 失敗は、処罰の理由ではなく、学習の機会として見なされるべきです。  Creative ideas / often come / from the most unexpected parts / of the organization. 創造的なアイデアは、しばしば組織の最も予期しない部分から生まれます。
Business	Corporate Branding	brand	ブランド	/brænd/	名詞	They are building a global brand.	彼らは世界的なブランドを構築している。	represents	表す、象徴する	/ˌrep.rɪˈzents/	動詞	This logo represents our company's values.	このロゴは我が社の価値観を表している。	loyal	忠実な	/ˈlɔɪ.əl/	形容詞	He is a loyal customer of this shop.	彼はこの店の忠実な顧客だ。	personal connection	個人的なつながり	/ˈpɜː.sən.əl kəˈnek.ʃən/	句	It's important to build a personal connection.	個人的なつながりを築くことが重要だ。	channels	経路、媒体	/ˈtʃæn.əlz/	名詞	We use multiple channels for marketing.	私たちはマーケティングに複数の経路を使用する。	recognition	認識、認知	/ˌrek.əɡˈnɪʃ.ən/	名詞	The brand has high recognition in Europe.	そのブランドは欧州で高い認知度を誇っている。	A strong brand is more than just a logo; it represents the values and promises of the company. Customers are more likely to stay loyal to a brand that they trust and feel a personal connection with. Consistency across all communication channels is essential for brand recognition.	A strong brand / is more than just a logo; / it represents / the values and promises / of the company. / Customers / are more likely to stay loyal / to a brand / that they trust / and feel a personal connection with. / Consistency / across all communication channels / is essential / for brand recognition.	A strong brand / is more than just a logo; / it represents / the values and promises / of the company. 強力なブランドは単なるロゴではありません。それは企業の価値観と約束を表しています。  Customers / are more likely to stay loyal / to a brand / that they trust / and feel a personal connection with. 顧客は、信頼し、個人的なつながりを感じるブランドに対して、忠実であり続ける可能性が高くなります。  Consistency / across all communication channels / is essential / for brand recognition. すべてのコミュニケーションチャネルにおける一貫性は、ブランド認知のために不可欠です。
Business	Presentation Skills	visuals	視覚資料	/ˈvɪʒ.u.əlz/	名詞	The presentation needs better visuals.	プレゼンにはもっと良い視覚資料が必要だ。	logical	論理的な	/ˈlɒdʒ.ɪ.kəl/	形容詞	Her argument was clear and logical.	彼女の主張は明確で論理的だった。	audience	聴衆	/ˈɔː.di.əns/	名詞	The audience applauded at the end.	最後に聴衆は拍手を送った。	tailor	合わせる、調整する	/ˈteɪ.lər/	動詞	You should tailor your CV for each job.	仕事ごとに履歴書を調整すべきだ。	remarks	発言	/rɪˈmɑːks/	名詞	The chairman made some brief remarks.	議長はいくつか短い発言をした。	significantly	著しく	/sɪɡˈnɪf.ɪ.kənt.li/	副詞	Prices have risen significantly recently.	最近、価格が著しく上昇した。	Delivering a powerful presentation requires a combination of clear visuals, a logical story, and confident body language. It's important to know your audience and tailor your message to their specific needs. Practicing the opening and closing remarks can significantly reduce nervous energy.	Delivering a powerful presentation / requires / a combination of clear visuals, / a logical story, / and confident body language. / It's important / to know your audience / and tailor your message / to their specific needs. / Practicing the opening and closing remarks / can significantly reduce / nervous energy.	Delivering a powerful presentation / requires / a combination of clear visuals, / a logical story, / and confident body language. 力強いプレゼンテーションを行うには、明確なビジュアル、論理的なストーリー、そして自信に満ちたボディランゲージの組み合わせが必要です。  It's important / to know your audience / and tailor your message / to their specific needs. 聴衆を知り、彼らの特定のニーズに合わせてメッセージを調整することが重要です。  Practicing the opening and closing remarks / can significantly reduce / nervous energy. 冒頭と結びの言葉を練習することで、緊張を大幅に和らげることができます。
Business	Leadership Qualities	shifting away	〜から離れる、移行する	/ˈʃɪf.tɪŋ əˈweɪ/	句	The company is shifting away from traditional ads.	会社は伝統的な広告から離れつつある。	empathy	共感	/ˈem.pə.θi/	名詞	A good leader needs to show empathy.	良いリーダーは共感を示す必要がある。	coaching	コーチング、指導	/ˈkəʊ.tʃɪŋ/	名詞	The manager is good at coaching his staff.	マネージャーはスタッフの指導が上手だ。	inspire	鼓舞する	/ɪnˈspaɪər/	動詞	The speech inspired the students to study.	その演説は学生たちを勉強に駆り立てた。	empowering	権限を与える	/ɪmˈpaʊ.ə.rɪŋ/	動名詞	Empowering employees leads to more innovation.	従業員に権限を与えることは革新につながる。	responsibility	責任	/rɪˌspɒn.sɪˈbɪl.ə.ti/	名詞	Managing the project is a big responsibility.	プロジェクトの管理は大きな責任を伴う。	Modern leadership is shifting away from "command and control" toward empathy and coaching. Great leaders inspire their teams by setting a vision and empowering others to make their own decisions. They listen more than they speak and take responsibility for the team’s failures.	Modern leadership / is shifting away / from "command and control" / toward empathy and coaching. / Great leaders / inspire their teams / by setting a vision / and empowering others / to make their own decisions. / They listen / more than they speak / and take responsibility / for the team’s failures.	Modern leadership / is shifting away / from "command and control" / toward empathy and coaching. 現代のリーダーシップは、「指揮と統制」から共感とコーチングへと移行しています。  Great leaders / inspire their teams / by setting a vision / and empowering others / to make their own decisions. 優れたリーダーは、ビジョンを掲げ、他者が自ら意思決定できるように権限を与えることでチームを鼓舞します。  They listen / more than they speak / and take responsibility / for the team’s failures. 彼らは話すことよりも聞くことに重点を置き、チームの失敗に対して責任を負います。
Football	Pregame Tension	atmosphere	雰囲気	/ˈæt.mə.sfɪər/	名詞	The office has a relaxed atmosphere.	オフィスはリラックスした雰囲気だ。	anxiety	不安	/æŋˈzaɪ.ə.ti/	名詞	Exam results can cause a lot of anxiety.	試験結果は多大な不安を引き起こすことがある。	mentally	精神的に	/ˈmen.təl.i/	副詞	The players were mentally prepared for the game.	選手たちは試合に向けて精神的に準備ができていた。	rehearse	予行演習する	/rəˈhɜːs/	動詞	We need to rehearse the ceremony once more.	私たちは式典の予行演習をもう一度する必要がある。	pumped up	熱狂して、興奮して	/pʌmpt ʌp/	句	The fans were pumped up before the match.	試合前、ファンは熱狂していた。	crucial	決定的に重要な	/ˈkruː.ʃəl/	形容詞	This meeting is crucial for our future.	この会議は私たちの将来にとって極めて重要だ。	The atmosphere in the locker room just before a big match is filled with a mix of focus and anxiety. Some players prefer silence to mentally rehearse their moves, while others need loud music to get pumped up. The captain's final speech is crucial for uniting the team.	The atmosphere / in the locker room / just before a big match / is filled with / a mix of focus and anxiety. / Some players / prefer silence / to mentally rehearse their moves, / while others / need loud music / to get pumped up. / The captain's final speech / is crucial / for uniting the team.	The atmosphere / in the locker room / just before a big match / is filled with / a mix of focus and anxiety. 大きな試合直前のロッカールームの雰囲気は、集中と不安が入り混じった空気に満ちています。  Some players / prefer silence / to mentally rehearse their moves, / while others / need loud music / to get pumped up. 動きを精神的にリハーサルするために沈黙を好む選手もいれば、気分を高揚させるために大音量の音楽を必要とする選手もいます。  The captain's final speech / is crucial / for uniting the team. キャプテンの最後のスピーチは、チームを団結させるために極めて重要です。
Football	Injury Recovery	psychological	心理的な	/ˌsaɪ.kəˈlɒdʒ.ɪ.kəl/	形容詞	Noise can have a psychological effect on people.	騒音は人に心理的な影響を与える可能性がある。	blow	打撃	/bləʊ/	名詞	Losing the job was a serious blow to him.	失業は彼にとって深刻な打撃だった。	grueling	過酷な	/ˈɡruː.ə.lɪŋ/	形容詞	They completed a grueling mountain climb.	彼らは過酷な登山を完遂した。	conditioning	コンディショニング、調整	/kənˈdɪʃ.ən.ɪŋ/	名詞	Physical conditioning is key to avoiding injury.	身体の調整は怪我を防ぐ鍵だ。	pitch	競技場（サッカーなど）	/pɪtʃ/	名詞	The players ran onto the pitch.	選手たちはピッチに駆け出した。	medical staff	医療スタッフ	/ˈmed.ɪ.kəl stɑːf/	名詞	The medical staff worked day and night.	医療スタッフは昼夜を問わず働いた。	Suffering a serious injury is a psychological blow as much as a physical one for any professional athlete. The recovery process involves months of grueling physiotherapy and mental conditioning. Returning to the pitch requires patience and the support of the medical staff.	Suffering a serious injury / is a psychological blow / as much as a physical one / for any professional athlete. / The recovery process / involves / months of grueling physiotherapy / and mental conditioning. / Returning to the pitch / requires / patience / and the support / of the medical staff.	Suffering a serious injury / is a psychological blow / as much as a physical one / for any professional athlete. 深刻な怪我を負うことは、プロのアスリートにとって身体的な打撃であると同時に、心理的な打撃でもあります。  The recovery process / involves / months of grueling physiotherapy / and mental conditioning. 回復プロセスには、数ヶ月にわたる過酷な理学療法とメンタルコンディショニングが含まれます。  Returning to the pitch / requires / patience / and the support / of the medical staff. ピッチに戻るには、忍耐と医療スタッフのサポートが必要です。
Football	Post-match Analysis	victory	勝利	/ˈvɪk.tər.i/	名詞	The team celebrated their victory.	チームは勝利を祝った。	footage	映像	/ˈfʊt.ɪdʒ/	名詞	The police reviewed the security footage.	警察は監視カメラの映像を確認した。	identify	特定する	/aɪˈden.tɪ.faɪ/	動詞	Can you identify the man in the photo?	写真の男が誰か分かりますか？	tactical errors	戦術的なミス	/ˈtæk.tɪ.kəl ˈer.ərz/	名詞	They lost the game due to tactical errors.	彼らは戦術的なミスのために試合に負けた。	positioning	位置取り	/pəˈzɪʃ.ən.ɪŋ/	名詞	Good positioning is essential for a defender.	ディフェンダーにとって良い位置取りは不可欠だ。	legendary	伝説的な	/ˈledʒ.ən.dri/	形容詞	He is a legendary jazz musician.	彼は伝説的なジャズミュージシャンだ。	Even after a victory, top managers spend hours reviewing game footage to identify tactical errors. Analyzing player positioning and ball possession helps in preparing for the next opponent. Constant improvement is the difference between a good team and a legendary one.	Even after a victory, / top managers / spend hours / reviewing game footage / to identify tactical errors. / Analyzing / player positioning / and ball possession / helps in preparing / for the next opponent. / Constant improvement / is the difference / between a good team / and a legendary one.	Even after a victory, / top managers / spend hours / reviewing game footage / to identify tactical errors. 勝利の後でさえ、トップマネージャーは何時間もかけて試合映像を見直し、戦術的なミスを特定します。  Analyzing / player positioning / and ball possession / helps in preparing / for the next opponent. 選手のポジショニングやボール支配率を分析することは、次の対戦相手への準備に役立ちます。  Constant improvement / is the difference / between a good team / and a legendary one. 絶え間ない改善こそが、良いチームと伝説的なチームの差なのです。
Football	Fan Engagement	passion	情熱	/ˈpæʃ.ən/	名詞	She has a passion for classical music.	彼女はクラシック音楽に情熱を持っている。	increasingly	ますます	/ɪnˈkriː.sɪŋ.li/	副詞	The world is becoming increasingly digital.	世界はますますデジタル化している。	behind-the-scenes	舞台裏の	/bəˈhaɪnd.ðə.siːnz/	形容詞	This video shows a behind-the-scenes look.	この動画は舞台裏の様子を見せてくれる。	boost	高める、後押し	/buːst/	名詞/動詞	The new law will give a boost to the economy.	新しい法律は経済を後押しするだろう。	away matches	アウェイの試合	/əˈweɪ ˈmætʃ.ɪz/	名詞	It's often harder to win away matches.	アウェイの試合で勝つのはしばしばより困難だ。	supporters	支持者、ファン	/səˈpɔː.tərz/	名詞	Thousands of supporters attended the rally.	数千人の支持者が集会に参加した。	Football is nothing without its fans, whose passion and energy drive the atmosphere in the stadium. Clubs are increasingly using social media to give fans a "behind-the-scenes" look at their favorite players' lives. Loyal supporters provide a huge boost, especially during difficult away matches.	Football / is nothing / without its fans, / whose passion and energy / drive the atmosphere / in the stadium. / Clubs / are increasingly using / social media / to give fans / a "behind-the-scenes" look / at their favorite players' lives. / Loyal supporters / provide a huge boost, / especially during / difficult away matches.	Football / is nothing / without its fans, / whose passion and energy / drive the atmosphere / in the stadium. サッカーは、その情熱とエネルギーでスタジアムの雰囲気を動かすファンがいなければ成り立ちません。  Clubs / are increasingly using / social media / to give fans / a "behind-the-scenes" look / at their favorite players' lives. クラブは、お気に入りの選手の生活の「舞台裏」をファンに見せるために、ますますソーシャルメディアを活用しています。  Loyal supporters / provide a huge boost, / especially during / difficult away matches. 忠実なサポーターは、特に困難なアウェー試合において大きな後押しとなります。
Football	Tactical Flexibility	switch	切り替える	/swɪtʃ/	動詞	You can switch between apps easily.	アプリを簡単に切り替えることができる。	formations	陣形、フォーメーション	/fɔːˈmeɪ.ʃənz/	名詞	The dancers moved into different formations.	ダンサーたちは異なるフォーメーションに移動した。	depending on	〜に応じて	/dɪˈpen.dɪŋ ɒn/	句	The price varies depending on the size.	価格はサイズに応じて異なる。	versatile	多才な、多目的の	/ˈvɜː.sə.taɪl/	形容詞	This tool is very versatile and useful.	この道具は非常に多用途で便利だ。	multiple	複数の	/ˈmʌl.tɪ.pl̩/	形容詞	She has lived in multiple countries.	彼女は複数の国に住んだことがある。	philosophy	哲学、理念	/fɪˈlɒs.ə.fi/	名詞	My philosophy is to stay positive.	私の理念は前向きでいることだ。	Modern football requires teams to be able to switch formations during a game depending on the scoreline. Players must be versatile enough to play multiple roles, such as a wing-back moving into a central midfield position. Understanding the coach's tactical philosophy is essential.	Modern football / requires teams / to be able to switch / formations / during a game / depending on the scoreline. / Players / must be versatile enough / to play multiple roles, / such as a wing-back / moving into / a central midfield position. / Understanding / the coach's tactical philosophy / is essential.	Modern football / requires teams / to be able to switch / formations / during a game / depending on the scoreline. 現代のサッカーでは、スコア状況に応じて試合中にフォーメーションを切り替えられることがチームに求められます。  Players / must be versatile enough / to play multiple roles, / such as a wing-back / moving into / a central midfield position. 選手は、ウイングバックがセントラルミッドフィルダーの位置に移動するように、複数の役割をこなせるほど多才でなければなりません。  Understanding / the coach's tactical philosophy / is essential. コーチの戦術的哲学を理解することが不可欠です。
Football	Transfer Window	chaotic	混沌とした	/keɪˈɒt.ɪk/	形容詞	The airport was chaotic during the holidays.	連休中の空港は混沌としていた。	scramble	先を争う、奪い合う	/ˈskræm.bl̩/	動詞	People scrambled for the last tickets.	人々は最後のチケットを奪い合った。	squads	分隊、チーム	/skwɒdz/	名詞	Both squads are ready for the match.	両チームとも試合の準備ができている。	distract	気を散らす	/dɪˈstrækt/	動詞	Noise can distract you from your work.	騒音は仕事の邪魔になる（気を散らす）。	negotiating	交渉すること	/nəˈɡəʊ.ʃi.eɪ.tɪŋ/	動名詞	Negotiating a salary is always difficult.	給与交渉は常に難しい。	around the clock	24時間休みなく	/əˈraʊnd ðə klɒk/	句	The rescue team worked around the clock.	救助隊は24時間体制で働いた。	The transfer window is a chaotic period where clubs scramble to strengthen their squads before the deadline. Rumors in the media can often distract players from their performance on the pitch. Negotiating contracts involves agents, lawyers, and club directors working around the clock.	The transfer window / is a chaotic period / where clubs scramble / to strengthen their squads / before the deadline. / Rumors / in the media / can often distract / players / from their performance / on the pitch. / Negotiating contracts / involves / agents, lawyers, and club directors / working around the clock.	The transfer window / is a chaotic period / where clubs scramble / to strengthen their squads / before the deadline. 移籍期間は、締め切り前にクラブが戦力を強化しようと奔走する混沌とした時期です。  Rumors / in the media / can often distract / players / from their performance / on the pitch. メディアの噂は、しばしば選手のピッチ上でのパフォーマンスから注意をそらしてしまいます。  Negotiating contracts / involves / agents, lawyers, and club directors / working around the clock. 契約交渉には、代理人、弁護士、クラブのディレクターが昼夜を問わず働くことが含まれます。
Football	Youth Academy	talent	才能	/ˈtæl.ənt/	名詞	She has a natural talent for singing.	彼女には歌の天性の才能がある。	sustainable	持続可能な	/səˈsteɪ.nə.bl̩/	形容詞	We need to find sustainable energy sources.	持続可能なエネルギー源を見つける必要がある。	superstars	スーパースター	/ˈsuː.pə.stɑːrz/	名詞	The movie features several Hollywood superstars.	その映画には数人のハリウッドスターが出演している。	homegrown	地元育ちの、自家製の	/ˌhəʊmˈɡrəʊn/	形容詞	We should support homegrown businesses.	地元のビジネスを支援すべきだ。	debut	デビュー	/ˈdeɪ.bju/	名詞/動詞	He made his professional debut last year.	彼は昨年プロデビューを果たした。	proud moment	誇らしい瞬間	/praʊd ˈməʊ.mənt/	句	Winning the award was a proud moment.	受賞は誇らしい瞬間だった。	Developing talent through a youth academy is often more sustainable than buying expensive superstars. Young players are taught not only technical skills but also the values and traditions of the club. Seeing a local "homegrown" player debut for the first team is a proud moment.	Developing talent / through a youth academy / is often more sustainable / than buying expensive superstars. / Young players / are taught / not only technical skills / but also the values and traditions / of the club. / Seeing / a local "homegrown" player / debut / for the first team / is a proud moment.	Developing talent / through a youth academy / is often more sustainable / than buying expensive superstars. ユースアカデミーを通じて才能を育成することは、高価なスーパースターを購入することよりも持続可能であることが多いです。  Young players / are taught / not only technical skills / but also the values and traditions / of the club. 若い選手たちは、技術的なスキルだけでなく、クラブの価値観や伝統も教えられます。  Seeing / a local "homegrown" player / debut / for the first team / is a proud moment. 地元の「生え抜き」選手がトップチームでデビューするのを見るのは、誇らしい瞬間です。
Football	Referee Pressure	split-second	一瞬の、とっさの	/ˌsplɪtˈsek.ənd/	形容詞	He had to make a split-second decision.	彼は一瞬の判断を下さなければならなかった。	immense	莫大な、巨大な	/ɪˈmens/	形容詞	They are under immense pressure to win.	彼らは勝たなければならないという莫大なプレッシャーの下にいる。	scrutinized	綿密に調査される	/ˈskruː.tɪ.naɪzd/	動詞（過去分詞）	Every detail of the plan was scrutinized.	計画のあらゆる細部が綿密に調査された。	layer	層	/ˈleɪ.ər/	名詞	The cake has three layers of cream.	そのケーキには3層のクリームがある。	authority	権威	/ɔːˈθɒr.ə.ti/	名詞	She speaks with great authority on the subject.	彼女はその主題について大きな権威を持って話す。	fair	公正な	/feər/	形容詞	The judge gave a fair decision.	裁判官は公正な判断を下した。	Referees have to make split-second decisions under immense pressure from players, managers, and thousands of fans. With the introduction of VAR, every decision is scrutinized in slow motion, adding another layer of stress. Maintaining authority while being fair is a difficult balance.	Referees / have to make / split-second decisions / under immense pressure / from players, managers, / and thousands of fans. / With the introduction of VAR, / every decision / is scrutinized / in slow motion, / adding another layer of stress. / Maintaining authority / while being fair / is a difficult balance.	Referees / have to make / split-second decisions / under immense pressure / from players, managers, / and thousands of fans. 審判は、選手、監督、そして何千人ものファンからの巨大なプレッシャーの下で、瞬時の判断を下さなければなりません。  With the introduction of VAR, / every decision / is scrutinized / in slow motion, / adding another layer of stress. VARの導入により、すべての判定がスローモーションで精査されるようになり、さらなるストレスが加わっています。  Maintaining authority / while being fair / is a difficult balance. 公平でありながら権威を維持することは、難しいバランスです。
Football	Nutrition and Diet	peak performance	最高のパフォーマンス	/piːk pəˈfɔː.məns/	名詞	Training helps athletes reach peak performance.	トレーニングは選手が最高の力を発揮するのを助ける。	tailored to	〜に合わせられた	/ˈteɪ.lərd tuː/	句	The course is tailored to beginners' needs.	そのコースは初心者のニーズに合わせて作られている。	intake	摂取（量）	/ˈɪn.teɪk/	名詞	You should reduce your sugar intake.	糖分の摂取量を減らすべきだ。	recovery	回復	/rɪˈkʌv.ər.i/	名詞	I wish you a speedy recovery.	早い回復をお祈りします。	hydration	水分補給	/haɪˈdreɪ.ʃən/	名詞	Hydration is vital during a marathon.	マラソン中の水分補給は極めて重要だ。	monitored	監視される	/ˈmɒn.ɪ.tərd/	動詞（過去分詞）	The patient's heart rate is monitored.	患者の心拍数は監視されている。	To maintain peak performance, footballers follow strict nutritional plans tailored to their body composition. This includes a high intake of carbohydrates for energy before games and protein for muscle recovery afterwards. Hydration levels are also monitored daily by sports scientists.	To maintain / peak performance, / footballers follow / strict nutritional plans / tailored to / their body composition. / This includes / a high intake of carbohydrates / for energy / before games / and protein / for muscle recovery afterwards. / Hydration levels / are also monitored / daily / by sports scientists.	To maintain / peak performance, / footballers follow / strict nutritional plans / tailored to / their body composition. 最高のパフォーマンスを維持するために、サッカー選手は体組成に合わせた厳格な栄養計画に従っています。  This includes / a high intake of carbohydrates / for energy / before games / and protein / for muscle recovery afterwards. これには、試合前のエネルギー源としての炭水化物の多量摂取や、その後の筋肉回復のためのタンパク質が含まれます。  Hydration levels / are also monitored / daily / by sports scientists. 水分補給のレベルも、スポーツ科学者によって毎日監視されています。
Football	Mental Toughness	mental strength	精神的な強さ	/ˈmentl streŋθ/	名詞	Marathon runners need a lot of mental strength.	マラソンランナーには多大な精神力が必要だ。	defined by	〜によって定義される	/dɪˈfaɪnd baɪ/	句	Success is not just defined by money.	成功は単にお金だけで定義されるものではない。	world-class	世界レベルの	/ˌwɜːldˈklɑːs/	形容詞	The city has many world-class museums.	その街には多くの世界レベルの美術館がある。	standard	標準の、標準的な	/ˈstæn.dəd/	形容詞	The car comes with standard safety features.	その車には標準的な安全機能がついている。	backroom staff	裏方スタッフ	/ˈbækrʊm stɑːf/	名詞	The backroom staff work hard behind the scenes.	裏方スタッフが舞台裏で熱心に働いている。	exhausted	疲れ果てた	/ɪɡˈzɔː.stɪd/	形容詞	I was exhausted after the long flight.	長時間のフライトの後で疲れ果てていた。	Winning a game is often decided by the "mental strength" of the players during the final ten minutes. Staying calm under pressure and following the tactical plan even when exhausted is what defines world-class athletes. Mental coaches are now a standard part of most backroom staffs.	Winning a game / is often decided / by the "mental strength" / of the players / during the final ten minutes. / Staying calm / under pressure / and following the tactical plan / even when exhausted / is what defines / world-class athletes. / Mental coaches / are now / a standard part / of most backroom staffs.	Winning a game / is often decided / by the "mental strength" / of the players / during the final ten minutes. 試合の勝敗は、最後の10分間における選手の「精神的な強さ」によって決まることがよくあります。  Staying calm / under pressure / and following the tactical plan / even when exhausted / is what defines / world-class athletes. プレッシャーの下で冷静さを保ち、疲弊していても戦術プランに従うことが、ワールドクラスのアスリートを定義するものです。  Mental coaches / are now / a standard part / of most backroom staffs. メンタルコーチは、今やほとんどの裏方スタッフの標準的な一部となっています。
Technology	Artificial Intelligence	futuristic	未来的な	/ˌfjuː.tʃəˈrɪs.tɪk/	形容詞	The building has a futuristic design.	その建物は未来的なデザインをしている。	integrated	統合された、組み込まれた	/ˈɪn.tɪ.ɡreɪ.tɪd/	形容詞	The new software is integrated into the system.	新しいソフトはシステムに統合されている。	efficiency	効率	/ɪˈfɪʃ.ən.si/	名詞	We must improve the energy efficiency.	私たちはエネルギー効率を改善しなければならない。	ethical	倫理的な	/ˈeθ.ɪ.kəl/	形容詞	The company is known for its ethical practices.	その会社は倫理的な慣行で知られている。	displacement	取って代わること、置換	/dɪˈspleɪs.mənt/	名詞	AI may cause job displacement in some industries.	AIは一部の産業で職を奪う可能性がある。	collaborate	協力する	/kəˈlæb.ə.reɪt/	動詞	Researchers collaborate on the project.	研究者たちはプロジェクトで協力している。	AI is no longer a futuristic concept; it is already integrated into our daily lives through voice assistants and recommendation engines. While it offers incredible efficiency, there are ongoing debates about ethical use and job displacement. Understanding how to collaborate with AI will be a vital skill.	AI / is no longer / a futuristic concept; / it is already integrated / into our daily lives / through voice assistants / and recommendation engines. / While it offers / incredible efficiency, / there are ongoing debates / about ethical use / and job displacement. / Understanding / how to collaborate with AI / will be a vital skill.	AI / is no longer / a futuristic concept; / it is already integrated / into our daily lives / through voice assistants / and recommendation engines. AIはもはや未来の概念ではありません。音声アシスタントや推奨エンジンを通じて、すでに私たちの日常生活に統合されています。  While it offers / incredible efficiency, / there are ongoing debates / about ethical use / and job displacement. 驚異的な効率性を提供する一方で、倫理的な使用や雇用の代替についての議論が続いています。  Understanding / how to collaborate with AI / will be a vital skill. AIとどのように協力するかを理解することは、不可欠なスキルとなるでしょう。
Technology	Cyber Security	data breaches	データ漏洩	/ˈdeɪ.tə briːtʃ.ɪz/	名詞	Recent data breaches leaked personal info.	最近のデータ漏洩で個人情報が流出した。	identity theft	なりすまし、身元盗用	/aɪˈden.tə.ti θeft/	名詞	Identity theft is a growing concern online.	なりすましはオンラインで増大している懸念だ。	authentication	認証	/ɔːˌθen.tɪˈkeɪ.ʃən/	名詞	Use two-factor authentication for better security.	より良い安全のために二段階認証を使いなさい。	investing	投資すること	/ɪnˈvestɪŋ/	動名詞	Investing in technology is necessary.	テクノロジーへの投資は必要だ。	infrastructure	基盤、インフラ	/ˈɪn.frəˌstrʌk.tʃər/	名詞	The city needs to improve its infrastructure.	その街はインフラを改善する必要がある。	essential steps	不可欠な手順	/ɪˈsen.ʃl steps/	名詞	Planning is an essential step for success.	計画は成功のための不可欠なステップだ。	As we move more of our lives online, the risk of data breaches and identity theft continues to rise. Using strong, unique passwords and enabling two-factor authentication are basic but essential steps for protection. Companies are investing billions to secure their cloud infrastructures.	As we move / more of our lives / online, / the risk of data breaches / and identity theft / continues to rise. / Using strong, unique passwords / and enabling two-factor authentication / are basic / but essential steps / for protection. / Companies / are investing billions / to secure / their cloud infrastructures.	As we move / more of our lives / online, / the risk of data breaches / and identity theft / continues to rise. 私たちが生活のより多くをオンラインに移行させるにつれ、データ漏洩やなりすましのリスクは上昇し続けています。  Using strong, unique passwords / and enabling two-factor authentication / are basic / but essential steps / for protection. 強力で独自のパスワードを使用し、二段階認証を有効にすることは、保護のための基本的かつ不可欠なステップです。  Companies / are investing billions / to secure / their cloud infrastructures. 企業はクラウド・インフラストラクチャを保護するために、何十億ドルも投資しています。
Technology	Augmented Reality	augmented reality	拡張現実	/ɔːɡˌmentɪd riˈæləti/	名詞	Augmented reality adds digital images to reality.	拡張現実は現実をデジタル画像で補強する。	elements	要素	/ˈel.ɪ.mənts/	名詞	Success has many different elements.	成功には多くの異なる要素がある。	surgery	手術	/ˈsɜː.dʒər.i/	名詞	He is undergoing surgery on his knee.	彼は膝の手術を受けている。	interact	相互に作用する、交流する	/ˌɪn.təˈrækt/	動詞	Children need to interact with others.	子供たちは他者と交流する必要がある。	surroundings	環境、周囲の状況	/səˈraʊn.dɪŋz/	名詞	She quickly became used to her new surroundings.	彼女はすぐに新しい環境に慣れた。	potential	潜在能力、可能性	/pəˈten.ʃəl/	名詞/形容詞	This new technology has great potential.	この新技術には大きな可能性がある。	Unlike Virtual Reality, which creates a totally new environment, Augmented Reality (AR) adds digital elements to the real world. This technology is being used in everything from mobile games to remote surgery and furniture shopping. AR has the potential to change how we interact with our surroundings.	Unlike Virtual Reality, / which creates / a totally new environment, / Augmented Reality (AR) / adds / digital elements / to the real world. / This technology / is being used / in everything / from mobile games / to remote surgery / and furniture shopping. / AR / has the potential / to change / how we interact / with our surroundings.	Unlike Virtual Reality, / which creates / a totally new environment, / Augmented Reality (AR) / adds / digital elements / to the real world. 完全に新しい環境を作り出すバーチャルリアリティ（VR）とは異なり、拡張現実（AR）は現実世界にデジタル要素を加えます。  This technology / is being used / in everything / from mobile games / to remote surgery / and furniture shopping. この技術は、モバイルゲームから遠隔手術、家具の買い物まで、あらゆるものに使用されています。  AR / has the potential / to change / how we interact / with our surroundings. ARは、私たちが周囲の環境とどのように関わるかを変える可能性を秘めています。
Technology	Space Exploration	agencies	機関、代理店	/ˈeɪ.dʒən.siz/	名詞	Government agencies are working together.	政府機関が協力して働いている。	accessible	利用可能な、近づきやすい	/əkˈses.ə.bl̩/	形容詞	The website is accessible to everyone.	そのサイトは誰でも利用できる。	affordable	手頃な価格の	/əˈfɔː.də.bl̩/	形容詞	We are looking for an affordable apartment.	私たちは手頃な価格のアパートを探している。	colonizing	植民地化すること	/ˈkɒl.ə.naɪ.zɪŋ/	動名詞	People dream of colonizing other planets.	人々は他の惑星に移住することを夢見ている。	reusable	再利用可能な	/ˌriːˈjuː.zə.bl̩/	形容詞	Bring your own reusable shopping bags.	自分の再利用可能な買い物袋を持参しなさい。	satellites	人工衛星	/ˈsæt.əl.aɪts/	名詞	Satellites provide weather data to Earth.	人工衛星は地球に気象データを提供する。	Private companies are now competing with national agencies to make space travel more accessible and affordable. The goal of colonizing Mars is being discussed seriously for the first time in human history. Reusable rockets have significantly lowered the cost of launching satellites.	Private companies / are now competing / with national agencies / to make / space travel / more accessible and affordable. / The goal / of colonizing Mars / is being discussed / seriously / for the first time / in human history. / Reusable rockets / have significantly lowered / the cost / of launching satellites.	Private companies / are now competing / with national agencies / to make / space travel / more accessible and affordable. 民間企業は今、宇宙旅行をより身近で手頃なものにするために、国家機関と競い合っています。  The goal / of colonizing Mars / is being discussed / seriously / for the first time / in human history. 火星への移住という目標が、人類史上初めて真剣に議論されています。  Reusable rockets / have significantly lowered / the cost / of launching satellites. 再利用可能なロケットは、衛星打ち上げのコストを大幅に下げました。
Technology	Renewable Energy Tech	innovations	革新、新機軸	/ˌɪn.əˈveɪ.ʃənz/	名詞	Technological innovations change our lives.	技術革新は私たちの生活を変える。	accelerating	加速させている	/əkˈsel.ə.reɪ.tɪŋ/	動詞（現在分詞）	The internet is accelerating global trade.	インターネットは世界貿易を加速させている。	transition	移行、移り変わり	/trænˈzɪʃ.ən/	名詞	The country is in transition to democracy.	その国は民主主義への移行期にある。	distribute	分配する、配電する	/dɪˈstrɪb.juːt/	動詞	The organization distributes food to the poor.	その組織は貧しい人々に食べ物を分配する。	predicting	予測すること	/prɪˈdɪktɪŋ/	動名詞	Predicting the weather is not easy.	天気を予測することは容易ではない。	global warming	地球温暖化	/ˌɡləʊ.bəl ˈwɔː.mɪŋ/	名詞	Global warming is a threat to the world.	地球温暖化は世界への脅威だ。	Innovations in battery storage and solar panel efficiency are accelerating the world's transition to green energy. Smart grids can now distribute electricity more effectively by predicting demand using big data. Technology is our most powerful tool in the fight against global warming.	Innovations / in battery storage / and solar panel efficiency / are accelerating / the world's transition / to green energy. / Smart grids / can now distribute / electricity / more effectively / by predicting demand / using big data. / Technology / is our most powerful tool / in the fight / against global warming.	Innovations / in battery storage / and solar panel efficiency / are accelerating / the world's transition / to green energy. 電池の蓄電能力やソーラーパネルの効率における革新が、世界のクリーンエネルギーへの移行を加速させています。  Smart grids / can now distribute / electricity / more effectively / by predicting demand / using big data. スマートグリッドは今や、ビッグデータを用いて需要を予測することで、より効果的に電力を分配することができます。  Technology / is our most powerful tool / in the fight / against global warming. テクノロジーは、地球温暖化との戦いにおける私たちの最も強力なツールです。
Technology	The Metaverse	envisioned	構想された、心に描かれた	/ɪnˈvɪʒ.ənd/	動詞（過去形）	The architect envisioned a glass building.	建築家はガラス張りの建物を構想した。	collective	集団的な、共通の	/kəˈlek.tɪv/	形容詞	We made a collective decision.	私たちは共同で決断を下した。	immersive	没入型の	/ɪˈmɜː.sɪv/	形容詞	Video games are becoming more immersive.	ビデオゲームはより没入型になっている。	isolation	孤立	/ˌaɪ.səlˈeɪ.ʃən/	名詞	Social isolation is a problem for the elderly.	社会的孤立は高齢者にとって問題だ。	virtual space	仮想空間	/ˈvɜː.tʃu.əl speɪs/	名詞	We can meet friends in virtual space.	仮想空間で友人に会うことができる。	avatars	アバター、分身	/ˈæv.ə.tɑːrz/	名詞	You can customize your avatars in the game.	ゲーム内で自分のアバターをカスタマイズできる。	The Metaverse is envisioned as a collective virtual space where people can work, play, and socialize using 3D avatars. It aims to create a more "immersive" internet experience than current 2D social media platforms. However, concerns about privacy and social isolation remain high.	The Metaverse / is envisioned / as a collective virtual space / where people can work, play, and socialize / using 3D avatars. / It aims / to create / a more "immersive" internet experience / than current 2D social media platforms. / However, / concerns / about privacy and social isolation / remain high.	The Metaverse / is envisioned / as a collective virtual space / where people can work, play, and socialize / using 3D avatars. メタバースは、3Dアバターを使って人々が働き、遊び、交流できる集合的な仮想空間として構想されています。  It aims / to create / a more "immersive" internet experience / than current 2D social media platforms. それは、現在の2Dのソーシャルメディアプラットフォームよりも、さらに「没入型」のインターネット体験を作り出すことを目指しています。  However, / concerns / about privacy and social isolation / remain high. しかし、プライバシーや社会的孤立に関する懸念は依然として高いままです。
Technology	Blockchain Basics	decentralized	分散型の	/diːˈsen.trə.laɪzd/	形容詞	The company has a decentralized management.	その会社は分散型の経営を行っている。	transparency	透明性	/trænsˈpær.ən.si/	名詞	Government transparency is very important.	政府の透明性は非常に重要だ。	cryptocurrencies	暗号資産、仮想通貨	/ˌkrɪp.təʊˈkʌr.ən.siz/	名詞	Many people invest in cryptocurrencies.	多くの人が暗号資産に投資している。	supply chain	サプライチェーン、供給網	/səˈplaɪ tʃeɪn/	名詞	The earthquake disrupted the supply chain.	地震がサプライチェーンを混乱させた。	trustless	信頼を必要としない	/ˈtrʌst.ləs/	形容詞	Blockchain offers a trustless way to trade.	ブロックチェーンは第三者の信頼を介さない取引方法を提供する。	applications	応用、適用	/ˌæp.lɪˈkeɪ.ʃənz/	名詞	This technology has many medical applications.	この技術には多くの医療への応用がある。	Blockchain is a decentralized ledger technology that ensures transparency and security without the need for a central authority. While it is most famous for powering cryptocurrencies, it also has applications in supply chain tracking and digital voting. It’s about "trustless" verification.	Blockchain / is a decentralized ledger technology / that ensures / transparency and security / without the need / for a central authority. / While it is most famous / for powering cryptocurrencies, / it also has applications / in supply chain tracking / and digital voting. / It’s about "trustless" verification.	Blockchain / is a decentralized ledger technology / that ensures / transparency and security / without the need / for a central authority. ブロックチェーンは、中央当局を必要とせずに透明性とセキュリティを確保する分散型台帳技術です。  While it is most famous / for powering cryptocurrencies, / it also has applications / in supply chain tracking / and digital voting. 暗号資産を動かすことで最も有名ですが、サプライチェーンの追跡やデジタル投票にも応用されています。  It’s about "trustless" verification. それは「トラストレス（信頼不要）」な検証に関するものなのです。
Technology	Ethical Hacking	ethical hackers	善意のハッカー	/ˈeθ.ɪ.kəl ˈhæk.ərz/	名詞	Ethical hackers help protect company data.	ホワイトハッカーは会社のデータ保護を助ける。	vulnerabilities	脆弱性	/ˌvʌl.nər.əˈbɪl.ə.tiz/	名詞	The update fixes several vulnerabilities.	その更新はいくつかの脆弱性を修正する。	hired	雇われた	/ˈhaɪərd/	動詞（過去分詞）	He was hired as a security expert.	彼はセキュリティ専門家として雇われた。	malicious	悪意のある	/məˈlɪʃ.əs/	形容詞	Be careful of malicious software.	悪意のあるソフトウェアに注意しなさい。	skilled	熟練した	/skɪld/	形容詞	She is a highly skilled programmer.	彼女は非常に熟練したプログラマーだ。	profession	職業	/prəˈfeʃ.ən/	名詞	Teaching is a noble profession.	教師は高潔な職業だ。	Ethical hackers, also known as "white hat" hackers, are hired by companies to find vulnerabilities in their systems before criminals do. They use the same techniques as malicious hackers but for the purpose of improving security. It is a highly skilled and increasingly important profession.	Ethical hackers, / also known as / "white hat" hackers, / are hired by companies / to find vulnerabilities / in their systems / before criminals do. / They use / the same techniques / as malicious hackers / but for the purpose / of improving security. / It is a highly skilled / and increasingly important profession.	Ethical hackers, / also known as / "white hat" hackers, / are hired by companies / to find vulnerabilities / in their systems / before criminals do. 「ホワイトハット」ハッカーとしても知られるエシカルハッカーは、犯罪者よりも先にシステムの脆弱性を見つけるために企業に雇われます。  They use / the same techniques / as malicious hackers / but for the purpose / of improving security. 彼らは悪意のあるハッカーと同じ技術を使いますが、それはセキュリティを向上させるという目的のためです。  It is a highly skilled / and increasingly important profession. それは高度なスキルを要し、ますます重要性が高まっている職業です。
Technology	Wearable Devices	sophisticated	精巧な、洗練された	/səˈfɪs.tɪ.keɪ.tɪd/	形容詞	The watch has a sophisticated sensor.	その時計には精巧なセンサーがついている。	monitoring	監視すること	/ˈmɒn.ɪ.tər.ɪŋ/	動名詞	Monitoring heart rate is easy with a watch.	時計を使えば心拍数の監視は簡単だ。	proactive	先を見越した、積極的な	/ˌprəʊˈæk.tɪv/	形容詞	We need to take a proactive approach.	私たちは先を見越したアプローチをとる必要がある。	proactive approach	積極的なアプローチ	/ˌprəʊˈæk.tɪv əˈprəʊtʃ/	句	The company took a proactive approach to security.	会社はセキュリティに対して積極的な姿勢をとった。	generation	世代	/ˌdʒen.əˈreɪ.ʃən/	名詞	The younger generation uses social media daily.	若い世代は毎日SNSを使っている。	potential issues	潜在的な問題	/pəˈten.ʃl ˈɪʃuːz/	名詞	We must solve potential issues early.	潜在的な問題は早めに解決しなければならない。	Smartwatches and fitness trackers are becoming increasingly sophisticated, capable of monitoring heart rhythm and blood oxygen levels. This data allows users to take a proactive approach to their health and catch potential issues early. The next generation may include "smart clothing."	Smartwatches / and fitness trackers / are becoming / increasingly sophisticated, / capable of monitoring / heart rhythm / and blood oxygen levels. / This data / allows users / to take / a proactive approach / to their health / and catch potential issues early. / The next generation / may include / "smart clothing."	Smartwatches / and fitness trackers / are becoming / increasingly sophisticated, / capable of monitoring / heart rhythm / and blood oxygen levels. スマートウォッチやフィットネストラッカーはますます精巧になり、心拍リズムや血中酸素レベルを監視できるようになっています。  This data / allows users / to take / a proactive approach / to their health / and catch potential issues early. このデータにより、ユーザーは自分の健康に対して積極的にアプローチし、潜在的な問題を早期に発見することができます。  The next generation / may include / "smart clothing." 次世代には「スマートクロージング（スマート衣類）」が含まれるかもしれません。
Technology	Smart Cities	IoT sensors	IoTセンサー	/aɪ.əʊ.ti ˈsen.sərz/	名詞	IoT sensors collect data from the streets.	IoTセンサーが街路からデータを収集する。	analytics	分析（論）	/ˌæn.əlˈɪt.ɪks/	名詞	Data analytics can improve business strategy.	データ分析はビジネス戦略を改善できる。	consumption	消費（量）	/kənˈsʌmp.ʃən/	名詞	We need to reduce energy consumption.	私たちはエネルギー消費を減らす必要がある。	urban living	都市生活	/ˈɜː.bən ˈlɪv.ɪŋ/	名詞	Urban living can be very convenient.	都市生活は非常に便利なことがある。	streetlights	街灯	/ˈstriːt.laɪts/	名詞	The streetlights turn on automatically.	街灯は自動的に点灯する。	efficient	効率的な	/ɪˈfɪʃ.ənt/	形容詞	The new engine is very fuel-efficient.	新しいエンジンは非常に燃費が良い。	Smart cities use IoT sensors and data analytics to manage traffic, reduce energy consumption, and improve public safety. For example, streetlights that only turn on when someone is nearby can save a lot of electricity. The goal is to make urban living more efficient and sustainable.	Smart cities / use / IoT sensors and data analytics / to manage traffic, / reduce energy consumption, / and improve public safety. / For example, / streetlights / that only turn on / when someone is nearby / can save a lot of electricity. / The goal / is to make / urban living / more efficient and sustainable.	Smart cities / use / IoT sensors and data analytics / to manage traffic, / reduce energy consumption, / and improve public safety. スマートシティは、交通管理、エネルギー消費の削減、および公共安全の向上のために、IoTセンサーとデータ分析を使用します。  For example, / streetlights / that only turn on / when someone is nearby / can save a lot of electricity. 例えば、誰かが近くにいる時だけ点灯する街灯は、多くの電力を節約できます。  The goal / is to make / urban living / more efficient and sustainable. 目標は、都市生活をより効率的で持続可能なものにすることです。